insert into sinhvien values ('18005065', 'Nguyễn Phạm Công Huy', '08-22-1999', '15/10 đường Phan Xính Long', 1, 0123456789, '12345678')
insert into SINHVIEN values ('18004003','Trần Hoài Bảo','09-14-2000','123/16 Quang Trung, P.Vinh Quang, TP. Rạch Giá - Kiêng Giang',1,0945577210,'12345678')
insert into SINHVIEN values ('18004608','Musa Huy Cường','10-10-2020','400C Lê Văn Sỹ, P14 Q3',1,0938932814,'12345678')
insert into SINHVIEN values ('18004515','Lê Hồng Đức','01-02-2020','53/608 ấp Cây Trôm, xã Phước Hiệp, huyện  Củ Chi',1,0332136408,'12345678')
insert into SINHVIEN values ('18004643','Phạm Hồng Đức','11-30-2000','203/55B Tân Thới Hiệp 7, Q12',1,0379974779,'12345678')
insert into SINHVIEN values ('18005057','Ngô Phan Trường Giang','02-24-2020','114 Phan Huy Thực, P. Tân Kiểng, Q7',1,0903065005,'12345678')
insert into SINHVIEN values ('18005374','Diệp Minh Hiếu','07-06-1997','Tổ 5 ấp 3, xã Thuận Phú, Huyện Đồng Phú, tỉnh Bình Phước',1,0352188319,'12345678')
insert into SINHVIEN values ('18004990','Nguyễn Xuân Đức Huy','05-22-1999','khu 5, ấp Bảo Thị, xã Xuân Định, huyện Xuân Lộc, tỉnh Đồng Nai',1,0369334851,'12345678')
insert into SINHVIEN values ('18005401','Phan Lê Thanh Huy','12-02-1999','Khu phố 5, P. Tân An, thị xã LaGi, tỉnh Bình Thuận',1,0973042806,'12345678')
insert into SINHVIEN values ('18005232','Đoàn Thế Khải','09-17-2000','Ấp Sóc bê, Thanh Phú, TX Bình Long, Bình Phước',1,0869211750,'12345678')
insert into SINHVIEN values ('18004727','Lã Đăng Khoa','06-03-2000','14/13 Trần Mai Ninh, P12, Q.Tân Bình',1,0582395847,'12345678')
insert into SINHVIEN values ('18004435','Đỗ Nguyên Khôi','07-10-1999','50 Giang Sơn, Hòa Hiệp, Cư Kuin, Đắk Lắk',1,0762235342,'12345678')
insert into SINHVIEN values ('18004634','Nguyễn Văn Linh', '02-23-2000','Thôn Vạn Ty, xã Thái Bảo, huyện Gia Bình, tỉnh Bắc Ninh',1,089234477,'12345678')
insert into SINHVIEN values ('18004762','Châu Thành Long','05-09-2000','671/13 Hồng Bàng, P6, Q6, Tp.HCM',1,0337338219,'12345678')
insert into SINHVIEN values ('18004815','Nguyễn Kim Long','11-22-2000','Đại Nôn, Liên Tú, Trần Đề, Sóc Trăng',1,0939657348,'12345678')
insert into SINHVIEN values ('18005130','Phan Trung Nam','01-25-1999','Căn hộ 205 Chung cư 242/16 đường Bà Hom, P12, Q6',1,0397733393,'12345678')
insert into SINHVIEN values ('18004826','Đỗ Quang Nhật','09-08-1998','583 CMT8, P15, Q10',1,0767178241,'12345678')
insert into SINHVIEN values ('18002804','Nguyễn Quốc Toàn Phước','06-19-1999','307 Lô MC/C Ngô Gia Tự, P2, Q10',1,0522074896,'12345678')
insert into SINHVIEN values ('18004788','Lưu Ngọc Quân','05-16-1999','456/25 Phú Thọ Hòa, P. Phú Thọ Hòa, Q. Tân Phú',1,0902703609,'12345678')
insert into SINHVIEN values ('18005033','Đỗ Minh Sang','08-23-1999','148/5D Ấp Tân Thới 1, xã Tân Hiệp, Hóc Môn',1,0368189328,'12345678')
insert into SINHVIEN values ('18005101','Nguyễn Hồng Sơn','09-12-2000','Thôn Xuân Yên, Xã Phú Lộc, Huyện Hậu Lộc, Thanh Hóa',1,0929021059,'12345678')
insert into SINHVIEN values ('18004980','Trịnh Quốc Thành','04-02-1999','Số 19 Tổ 1 ấp 5, xã Minh Long, huyện Chơn Thành, Bình Phước',1,0967674724,'12345678')
insert into SINHVIEN values ('18004587','Huỳnh Lê Hữu Thịnh','12-01-2000','65/5 ấp Xuân Thới Đông 3, xã Xuân Thới Đông, Hóc Môn, Tp.HCM',1,0985623049,'12345678')
insert into SINHVIEN values ('18004528','Phạm Quốc Thịnh','12-17-2000','122 Kinh 8B, Thạnh Đông A, Tân Hiệp, Kiên Giang',1,0964612814,'12345678')
insert into SINHVIEN values ('18004421','Tô Anh Thoại','11-14-1999','Thôn Hiệp Thành, xã Diên Bình, huyện Diên Khánh, Khánh Hòa',1,0352297426,'12345678')
insert into SINHVIEN values ('18005397','Nguyễn Ngọc Minh Thông','01-01-2000','4/12 Nguyễn Thị Minh Khai, P.Đa Kao, Q1.',1,0774364838,'12345678')
insert into SINHVIEN values ('18004994','Trần Quang Thụy','12-11-1999','Xuy Xá, Mỹ Đức, Hà Nội.',1,0965976805,'12345678')
insert into SINHVIEN values ('18004969','Nguyễn Thành Trung','01-01-1999','4/2 kênh 19/5, P.Sơn Kì, Q.Tân Phú',1,0332258404,'12345678')
insert into SINHVIEN values ('18005246','Đoàn Minh Tuấn','09-01-1996','Ia Sao, Ia Grai, Gia Lai',1,0932174990,'12345678')
insert into SINHVIEN values ('18003737','Nguyễn Hoàng Tuấn','10-08-2000','42/3 ấp 2, xã Xuân Thới Sơn, Hóc Môn, TP.HCM',1,0708864326,'12345678')

insert into GiaoVien values ('1010073','Nguyễn Mai Chinh',null,0,null,null)
insert into GiaoVien values ('1009002','Hoàng Ngọc Cảnh',null,1,null,null)
insert into GiaoVien values ('1015041','Huỳnh Quốc Dũng',null,1,null,null)
insert into GiaoVien values ('1015010','Nguyễn Nguyên Hoàng Ngọc Quyên',null,0,null,'0918667428')
insert into GiaoVien values ('1010030','Giang Phi Hùng',null,1,null,'0906151733')
insert into GiaoVien values ('1010099','Đặng Duy Đồng',null,1,null,null)
insert into GiaoVien values ('1010072','Võ Văn Đức',null,0,null,null)
insert into GiaoVien values ('1015003','Nguyễn Thị Thủy',null,1,null,'0903737680')
insert into GiaoVien values ('1015006','Nguyễn Văn Minh',null,1,null,null)
insert into GiaoVien values ('1015009','Võ Anh Trang',null,0,null,'0989027516')
insert into GiaoVien values ('1015017','Lê Hồng Thái',null,1,null,'0908598117')
insert into GiaoVien values ('1015023','Nguyễn Văn Đôn',null,0,null,'0983090339')
insert into GiaoVien values ('1011008','Đỗ Thị Thơm',null,0,null,null)
insert into GiaoVien values ('1015001','Nguyễn Vân Giang',null,1,null,'0908660764')
insert into GiaoVien values ('1010021','Lê Thái Hùng',null,1,null,'0908453132')
insert into GiaoVien values ('1015031','Mai Chiếm Tuấn',null,1,null,null)
insert into GiaoVien values ('1015005','Nguyễn Sanh Cường',null,1,null,null)
insert into GiaoVien values ('1015008','Trần Vĩnh Xuyên',null,1,null,'0903979218')
insert into GiaoVien values ('1015019','Trần Việt Khánh',null,1,null,null)
insert into GiaoVien values ('1015022','Nguyễn Văn Danh',null,1,null,'0901381041')
insert into GiaoVien values ('1015024','Lâm Thanh Hùng',null,1,null,'0913159169')
insert into GiaoVien values ('1018001','Nguyễn Cao Phong',null,1,null,null)
insert into GiaoVien values ('1010005','Đặng Thị Nhật Minh',null,0,null,null)

insert into nganh values (null,'Công Nghệ Kỹ Thuật Máy Tính')
insert into nganh values (null,'Lập Trình Máy Tính')
insert into nganh values (null,'Quản Trị Mạng Máy Tính')
insert into nganh values (null,'Thiết Kế Đồ Họa')
insert into nganh values (null,'Tin Học Ứng Dụng')
insert into nganh values (null,'Thương Mại Điện Tử')
insert into nganh values (null,'An Ninh Mạng')
insert into nganh values (null,'Thiết Kế Trang Web')

insert into hocphan values(null, 'Photoshop')
insert into hocphan values(null, 'Giáo dục quốc phòng - An ninh')
insert into hocphan values(null, 'Cơ sở dữ liệu')
insert into hocphan values(null, 'Hệ quản trị cơ sở dữ liệu')
insert into hocphan values(null, 'Kỹ thuật lập trình')
insert into hocphan values(null, 'Phần cứng và mạng máy tính')
insert into hocphan values(null, 'Chính trị')
insert into hocphan values(null, 'Giáo dục thể chất')
insert into hocphan values(null, 'Phân tích và thiết kế hệ thống')
insert into hocphan values(null, 'Thiết kế Web')
insert into hocphan values(null, 'Lập trình hướng đối tượng')
insert into hocphan values(null, 'Lập trình Windows')
insert into hocphan values(null, 'Cấu trúc dữ liệu & giải thuật')
insert into hocphan values(null, 'Lập trình cơ sở dữ liệu')
insert into hocphan values(null, 'Lập trình Web')
insert into hocphan values(null, 'Đồ án 1')
insert into hocphan values(null, 'Chuyên đề Java')
insert into hocphan values(null, 'XML')
insert into hocphan values(null, 'Pháp luật')
insert into hocphan values(null, 'Công nghệ phần mềm')
insert into hocphan values(null, 'Đồ án 2')
insert into hocphan values(null, 'Lập trình hệ thống nhúng')
insert into hocphan values(null, 'Lập trình trên thiết bị di động')
insert into hocphan values(null, 'Thực tập tốt nghiệp')
insert into hocphan values(null, 'Kiến trúc máy tính')
insert into hocphan values(null, 'Hệ điều hành Windows và Linux')
insert into hocphan values(null, 'Hệ thống số')
insert into hocphan values(null, 'Sửa chữa máy tính')
insert into hocphan values(null, 'Kỹ thuật truyền thông và số liệu')
insert into hocphan values(null, 'Mạng máy tính và quản trị mạng')
insert into hocphan values(null, 'Sửa chữa máy tính nâng cao')
insert into hocphan values(null, 'Xử lý sự cố phần mềm')
insert into hocphan values(null, 'Sửa chữa thiết bị ngoại vi')
insert into hocphan values(null, 'Bảo mật hệ thống thông tin')
insert into hocphan values(null, 'Thiết bị mạng')
insert into hocphan values(null, 'Phần cứng máy tính')
insert into hocphan values(null, 'Xử lý văn bản và bảng tính nâng cao')
insert into hocphan values(null, 'Lập trình quản lý')
insert into hocphan values(null, 'Internet và an toàn dữ liệu')
insert into hocphan values(null, 'Thiết kế đồ họa Corel')
insert into hocphan values(null, 'Lập trình Macro trên Office')
insert into hocphan values(null, 'Lập trình PHP')
insert into hocphan values(null, 'Xử lý ảnh với Photoshop căn bản')
insert into hocphan values(null, 'Thiết kế đồ họa với Corel Draw')
insert into hocphan values(null, 'Quay phim - Chụp ảnh KTS')
insert into hocphan values(null, 'Mỹ thuật cơ bản')
insert into hocphan values(null, 'Thiết kế đồ họa với Illustrator')
insert into hocphan values(null, 'Nguyên lý tạo hình')
insert into hocphan values(null, 'Xử lý âm thanh')
insert into hocphan values(null, 'Thiết kế web căn bản')
insert into hocphan values(null, 'Thiết kế giao diện web với Photoshop')
insert into hocphan values(null, 'Thiết kế đồ họa 2D với Flash')
insert into hocphan values(null, 'Thiết kế đồ họa 3D với 3Dmax')
insert into hocphan values(null, 'Ý tưởng sáng tạo')
insert into hocphan values(null, 'Nghệ thuật chữ')
insert into hocphan values(null, 'Xử lý ảnh với Photoshop nâng cao')
insert into hocphan values(null, 'Thiết kế web nâng cao')
insert into hocphan values(null, 'Công nghệ Multimedia')
insert into hocphan values(null, 'Đồ án thiết kế 3D')
insert into hocphan values(null, 'Chế bản với Indesign')
insert into hocphan values(null, 'Biên tập phim với Premiere')
insert into hocphan values(null, 'Dựng video')
insert into hocphan values(null, 'Lập trình ASP.Net 1')
insert into hocphan values(null, 'Lập Trình PHP 1')
insert into hocphan values(null, 'Lập trình PHP 2')
insert into hocphan values(null, 'Lập trình ASP.Net 2')
insert into hocphan values(null, 'Công nghệ & Dịch vụ Web')

insert into CTNGANH values(2, 1)
insert into CTNGANH values(5, 1)
insert into CTNGANH values(8, 1)
insert into CTNGANH values(1, 2)
insert into CTNGANH values(2, 2)
insert into CTNGANH values(3, 2)
insert into CTNGANH values(4, 2)
insert into CTNGANH values(5, 2)
insert into CTNGANH values(6, 2)
insert into CTNGANH values(7, 2)
insert into CTNGANH values(8, 2)
insert into CTNGANH values(1, 3)
insert into CTNGANH values(2, 3)
insert into CTNGANH values(5, 3)
insert into CTNGANH values(8, 3)
insert into CTNGANH values(2, 4)
insert into CTNGANH values(5, 4)
insert into CTNGANH values(8, 4)
insert into CTNGANH values(2, 5)
insert into CTNGANH values(5, 5)
insert into CTNGANH values(8, 5)
insert into CTNGANH values(2, 6)
insert into CTNGANH values(5, 6)
insert into CTNGANH values(8, 6)
insert into CTNGANH values(2, 7)
insert into CTNGANH values(4, 7)
insert into CTNGANH values(5, 7)
insert into CTNGANH values(8, 7)
insert into CTNGANH values(2, 8)
insert into CTNGANH values(5, 8)
insert into CTNGANH values(8, 8)
insert into CTNGANH values(2, 9)
insert into CTNGANH values(5, 9)
insert into CTNGANH values(8, 9)
insert into CTNGANH values(2, 10)
insert into CTNGANH values(5, 10)
insert into CTNGANH values(8, 10)
insert into CTNGANH values(2, 11)
insert into CTNGANH values(5, 11)
insert into CTNGANH values(8, 11)
insert into CTNGANH values(2, 12)
insert into CTNGANH values(5, 12)
insert into CTNGANH values(8, 12)
insert into CTNGANH values(2, 13)
insert into CTNGANH values(5, 13)
insert into CTNGANH values(8, 13)
insert into CTNGANH values(2, 14)
insert into CTNGANH values(5, 14)
insert into CTNGANH values(8, 14)
insert into CTNGANH values(2, 15)
insert into CTNGANH values(1, 16)
insert into CTNGANH values(2, 16)
insert into CTNGANH values(3, 16)
insert into CTNGANH values(4, 16)
insert into CTNGANH values(5, 16)
insert into CTNGANH values(6, 16)
insert into CTNGANH values(7, 16)
insert into CTNGANH values(8, 16)
insert into CTNGANH values(2, 17)
insert into CTNGANH values(2, 18)
insert into CTNGANH values(8, 18)
insert into CTNGANH values(1, 19)
insert into CTNGANH values(2, 19)
insert into CTNGANH values(3, 19)
insert into CTNGANH values(4, 19)
insert into CTNGANH values(5, 19)
insert into CTNGANH values(6, 19)
insert into CTNGANH values(7, 19)
insert into CTNGANH values(8, 19)
insert into CTNGANH values(2, 20)
insert into CTNGANH values(1, 21)
insert into CTNGANH values(2, 21)
insert into CTNGANH values(3, 21)
insert into CTNGANH values(4, 21)
insert into CTNGANH values(5, 21)
insert into CTNGANH values(6, 21)
insert into CTNGANH values(7, 21)
insert into CTNGANH values(8, 21)
insert into CTNGANH values(2, 22)
insert into CTNGANH values(2, 23)
insert into CTNGANH values(1, 24)
insert into CTNGANH values(2, 24)
insert into CTNGANH values(3, 24)
insert into CTNGANH values(4, 24)
insert into CTNGANH values(5, 24)
insert into CTNGANH values(6, 24)
insert into CTNGANH values(7, 24)
insert into CTNGANH values(8, 24)
insert into CTNGANH values(1, 25)
insert into CTNGANH values(1, 26)
insert into CTNGANH values(1, 27)
insert into CTNGANH values(1, 28)
insert into CTNGANH values(1, 29)
insert into CTNGANH values(1, 30)
insert into CTNGANH values(1, 31)
insert into CTNGANH values(1, 32)
insert into CTNGANH values(1, 33)
insert into CTNGANH values(1, 34)
insert into CTNGANH values(1, 35)
insert into CTNGANH values(1, 36)
insert into CTNGANH values(5, 37)
insert into CTNGANH values(5, 38)
insert into CTNGANH values(5, 39)
insert into CTNGANH values(5, 40)
insert into CTNGANH values(5, 41)
insert into CTNGANH values(5, 42)
insert into CTNGANH values(4, 43)
insert into CTNGANH values(4, 44)
insert into CTNGANH values(4, 45)
insert into CTNGANH values(4, 46)
insert into CTNGANH values(4, 47)
insert into CTNGANH values(4, 48)
insert into CTNGANH values(4, 49)
insert into CTNGANH values(4, 50)
insert into CTNGANH values(4, 51)
insert into CTNGANH values(4, 52)
insert into CTNGANH values(4, 53)
insert into CTNGANH values(4, 54)
insert into CTNGANH values(4, 55)
insert into CTNGANH values(4, 56)
insert into CTNGANH values(4, 57)
insert into CTNGANH values(4, 58)
insert into CTNGANH values(4, 59)
insert into CTNGANH values(4, 60)
insert into CTNGANH values(4, 61)
insert into CTNGANH values(4, 62)
insert into CTNGANH values(8, 63)
insert into CTNGANH values(8, 64)
insert into CTNGANH values(8, 65)
insert into CTNGANH values(8, 66)
insert into CTNGANH values(8, 67)

insert into lop values(null,'HL-Photoshop-1',1,1)
insert into lop values(null,'HL-Photoshop-2',0,1)
insert into lop values(null,'HL-Hệ quản trị cơ sở dữ liệu-1',0,4)
insert into lop values(null,'HL-Kỹ thuật lập trình-1',0,5)
insert into lop values(null,'HL-Phần cứng và mạng máy tính-1',0,6)
insert into lop values(null,'HL-Chính trị-1',0,7)
insert into lop values(null,'HL-Lập trình hướng đối tượng-1',0,11)
insert into lop values(null,'HL-Lập trình Windows-1',0,12)
insert into lop values(null,'HL-Cấu trúc dữ liệu & giải thuật-1',1,13)
insert into lop values(null,'HL-Cấu trúc dữ liệu & giải thuật-2',0,13)
insert into lop values(null,'HL-Lập trình cơ sở dữ liệu-1',0,14)
insert into lop values(null,'HL-Chuyên đề Java-1',0,17)
insert into lop values(null,'HL-XML-1',0,18)
insert into lop values(null,'HL-Công nghệ phần mềm-1',1,20)
insert into lop values(null,'HL-Công nghệ phần mềm-2',0,20)
insert into lop values(null,'HL-Đồ án 2-1',0,21)
insert into lop values(null,'HL-Lập trình hệ thống nhúng-1',0,22)
insert into lop values(null,'HL-Lập trình trên thiết bị di động-1',0,23)
insert into lop values(null,'HL-Thực tập tốt nghiệp-1',0,24)

insert into ctlop values ('18004762',1)
insert into ctlop values ('18005374',1)
insert into ctlop values ('18005065',1)
insert into ctlop values ('18004990',1)
insert into ctlop values ('18005401',1)
insert into ctlop values ('18005232',1)
insert into ctlop values ('18004727',1)
insert into ctlop values ('18004435',1)
insert into ctlop values ('18004634',1)
insert into ctlop values ('18004003',9)
insert into ctlop values ('18004608',9)
insert into ctlop values ('18004515',9)
insert into ctlop values ('18004643',9)
insert into ctlop values ('18005057',9)
insert into ctlop values ('18004466',9)
insert into ctlop values ('18005232',9)
insert into ctlop values ('18004969',9)
insert into ctlop values ('18005246',9)
insert into ctlop values ('18003737',9)
insert into ctlop values ('18004826',14)
insert into ctlop values ('18002804',14)
insert into ctlop values ('18004788',14)
insert into ctlop values ('18005033',14)
insert into ctlop values ('18005101',14)
insert into ctlop values ('18005455',14)
insert into ctlop values ('18004980',14)
insert into ctlop values ('18004587',14)
insert into ctlop values ('18004528',14)
insert into ctlop values ('18005235',14)
insert into ctlop values ('18004421',14)
insert into ctlop values ('18005397',14)




